"","plot","sev","trt","class","elev","slope","tpi","aspect"
"1","HC01","high","con","MIXED CON",2082,17.4946556,5.7700195,41.8201714
"2","HC02","high","con","MIXED CON",2118,18.1850128,0.9599609,340.2011108
"3","HC03","high","con","MIXED CON",2264,14.474741,1.7900391,106.6992416
"4","HC04","high","con","GAMBEL MIXED CON",1987,14.9122009,9.8599854,21.8014088
"5","HC05","high","con","MIXED CON",2008,19.6264286,-3.6899414,33.6900673
"6","HC06","high","con","GAMBEL MIXED CON",2009,9.3662157,3.5799561,347.0053711
"7","HC07","high","con","MIXED CON",2158,16.6343422,-3.7199707,65.5560455
"8","HFR01","high","fr","MIXED CON",2229,18.5649109,2.8300781,6.3401909
"9","HFR02","high","fr","MIXED CON",2195,16.5533714,4.3400879,343.0724792
"10","HFR03","high","fr","MIXED CON",2256,11.5655661,3.3701172,25.0168934
"11","HFR04","high","fr","MIXED CON",2263,14.569787,1.1000977,92.7263107
"12","HFR05","high","fr","MIXED CON",2275,12.4705963,0.7900391,296.5650635
"13","HFR06","high","fr","MIXED CON",2137,33.0510521,1.9299316,51.1701736
"14","HFR07","high","fr","MIXED CON",2247,9.3662157,1.4499512,102.9946136
"15","LC01","low","con","MIXED CON",1940,17.0059414,-8.75,345.9637451
"16","LC02","low","con","GAMBEL",1988,23.3898735,7.6899414,149.0362396
"17","LC03","low","con","MIXED CON",2163,17.188015,-4.3200684,267.7093811
"18","LC04","low","con","GAMBEL",2065,21.4499989,6.0500488,102.7243576
"19","LC05","low","con","GAMBEL",1998,24.123188,2.2700195,276.3401794
"20","LC06","low","con","MIXED CON",2159,19.8212261,-0.0800781,84.0938568
"21","LC07","low","con","GAMBEL",2052,12.8418512,11.7800293,130.6012878
"22","LFR01","low","fr","MIXED CON",2004,20.9993572,3.1600342,345.068573
"23","LFR02","low","fr","GAMBEL",2123,18.3524609,1.5200195,153.4349518
"24","LFR03","low","fr","MIXED CON",2166,8.4961805,-3.1201172,65.5560455
"25","LFR04","low","fr","GAMBEL",1997,30.4440708,7.3599854,112.2490234
"26","LFR05","low","fr","GAMBEL MIXED CON",2245,18.3524609,-1.3601074,243.4349518
"27","LFR06","low","fr","MIXED CON",2250,9.7703352,4.1699219,111.0375137
"28","LFR07","low","fr","GAMBEL MIXED CON",2033,16.7948437,2.6199951,34.9920197
"29","MC01","mod","con","GAMBEL",2129,19.8212261,2.1298828,157.8336487
"30","MC02","mod","con","MIXED CON",2248,14.569787,-1.4899902,357.2736816
"31","MC03","mod","con","GAMBEL",1978,19.8212261,2.1600342,84.0938568
"32","MC04","mod","con","GAMBEL MIXED CON",2167,17.7946815,3.4199219,15.6422462
"33","MC05","mod","con","GAMBEL",2122,33.608799,3.0100098,80.3624649
"34","MC06","mod","con","GAMBEL MIXED CON",2177,21.0588951,6.8100586,5.5275393
"35","MC07","mod","con","GAMBEL MIXED CON",1987,11.8891087,6.5300293,356.6335449
"36","MFR01","mod","fr","GAMBEL",1951,19.0033855,0.3900146,111.0375137
"37","MFR02","mod","fr","GAMBEL MIXED CON",2163,21.5270367,4.0100098,122.1957321
"38","MFR03","mod","fr","GAMBEL",1958,11.8492041,1.9499512,45
"39","MFR04","mod","fr","MIXED CON",1958,14.6953917,7.0200195,8.1301012
"40","MFR05","mod","fr",NA,NA,NA,NA,NA
"41","MFR06","mod","fr","GAMBEL",2152,14.569787,6.8798828,115.3461761
"42","MFR07","mod","fr","GAMBEL",2103,19.0033855,9.0400391,158.9624939
"43","UC01","unburn","con","MIXED CON",2210,11.8891087,1.0800781,93.3664627
"44","UC02","unburn","con","GAMBEL MIXED CON",2242,12.805274,-0.3400879,225
"45","UC03","unburn","con","MIXED CON",2194,10.9302053,-0.1398926,320.1944275
"46","UC04","unburn","con","MIXED CON",2201,9.7703352,1,338.9624939
"47","UC05","unburn","con","MIXED CON",2228,9.9173174,-0.1499023,45
"48","UC06","unburn","con","GAMBEL MIXED CON",2193,8.8879929,4.0400391,108.4349518
"49","UC07","unburn","con","GAMBEL MIXED CON",2194,14.2824183,4.6499023,150.9453888
"50","UFR01","unburn","fr","MIXED CON",2182,23.8106556,-7.7299805,281.3099365
"51","UFR02","unburn","fr","MIXED CON",2181,15.7442102,-1.5600586,285.255127
"52","UFR03","unburn","fr","MIXED CON",2198,11.1891317,0.3701172,90
"53","UFR04","unburn","fr","GAMBEL",2197,13.7878551,2.9399414,139.0856171
"54","UFR05","unburn","fr","MIXED CON",2194,8.9424782,0.3500977,45
"55","UFR06","unburn","fr","MIXED CON",2242,6.3877707,2.1201172,96.3401947
"56","UFR07","unburn","fr","MIXED CON",2213,8.4386311,0.3100586,90
